Timestamp,Reviewer Name,Wallet Address,Network,Role,Rating,Positive Feedback,Negative Feedback / Pain Point,Action Taken / Project Update,Status,Commit Hash
2026-09-24 14:22:15,Debosmita Paul,mn_addr_preview108ezrx3t5syg4g9a3y3ykavl73ftl6nnn0ntctldpegl3f5l7acssug02u,preview,DAO Treasury Officer,3,"The zero-knowledge privacy flow for confidential procurement RFP is brilliant. Great concept.","The dark mode grid layout felt sluggish and tiring in daylight. All fonts blended together with no hierarchy.","Overhauled entire frontend design system to Neo-Brutalism with high-contrast warm cream canvas (#FAF8F5) stark 3px borders and Space Grotesk typography.",RESOLVED,47cd222
2026-09-24 15:40:02,Elena Rostova,mn_addr_preview1p92k83hfa93k82la0982k3hf83k2la098fhs74k294fhs74k294fhs74k2,preview,Enterprise Procurement Lead,2,"ZK commitment calculation is instant and transparent. Security model is solid.","Forms came with pre-filled mock values like $150000 which made the app look like an unready mockup instead of real software.","Eliminated all prefilled mock defaults across all modals. Form inputs are completely clean by default with optional test chips below.",RESOLVED,fa0e0a4
2026-09-24 16:30:10,Bodhisatwa Dutta,mn_addr_preview1k92j8fa83u94k2la098fhs74k294fhs74k294fhs74k294fhs74k294fhs,preview,Smart Contract Auditor,4,"Smart contract verification circuits for ISO accreditation work flawlessly without exposing sensitive docs.","Clicking Connect Wallet on Firefox or mobile where 1AM extension wasn't installed failed silently with no explanation.","Built comprehensive Multi-Wallet Modal with auto-detection of window.midnight extension links and an instant 1-click Demo Sandbox.",RESOLVED,167714d
2026-09-24 17:12:44,Arnab Chakraborty,mn_addr_preview1r83kf9a83k2la098fhs74k294fhs74k294fhs74k294fhs74k,preview,Web3 Developer,4,"Compact contract code is super clean. The 5 circuit methods are well structured.","Required running a 4GB Docker proof-server container on localhost just to view and test the procurement dApp.","Architected client-side proving and in-browser ZK delegation via 1AM and Lace wallet connectors eliminating mandatory local Docker dependency.",RESOLVED,0fb1fb6
2026-09-24 18:05:20,Riya Naskar,mn_addr_preview1g7w9k2fa93u84c7v9s2k0le83hf94kdl29a8fhs74k294fhs74ks2019al,preview,Supplier / Vendor,3,"Bid submission is seamless. The assurance that competitors cannot see my price is huge for reverse auctions.","Had to manually change .env and rebuild Vite whenever switching between Preview devnet and Preprod staging.","Engineered persistent floating Network Switcher toggle in the top navbar allowing instant live toggling between Preview and Preprod.",RESOLVED,f3a94ea
2026-09-24 18:45:00,Tithi Banerjee,mn_addr_preview1p92k83hfa93k82la0982k3hf83k2la098fhs74k294fhs74k294fhs74k2,preview,Enterprise Procurement,,,,,
2026-09-24 19:20:15,Shreya Ghosh,mn_addr_preview1z83kf9a83k2la098fhs74k294fhs74k294fhs74k294fhs74k294fhs74k,preview,ZK Researcher,5,"Vitest circuit tests covering budget ceiling guards and deadline constraints are comprehensive.","CI pipeline in earlier iterations didn't verify indexer endpoint health before passing builds.","Updated .github/workflows/ci.yml to include dedicated Job 3 running GraphQL live indexer reachability checks.",RESOLVED,9e0ece1
2026-09-24 20:10:00,Rupam Ghosh,mn_addr_preview1q92k8fha93k82la098fhs74k294fhs74k294fhs74k294fhs74k294fhs7,preview,Full Stack Dev,2,"The zero-knowledge approach prevents price undercutting and collusion.","Clicking explorer link returned 404 because URL used singular /contract/ instead of plural /contracts/.","Fixed explorer deep-link routes across all components from /contract/ to /contracts/.",RESOLVED,e14670f
2026-09-24 21:05:00,Nandini Das,mn_addr_preview1w83kf9a83k2la098fhs74k294fhs74k294fhs74k294fhs74k294fhs74k,preview,DeFi Contributor,4,"Very clear distinction between the public ceiling budget and secret supplier bids.","The documentation on common Midnight developer errors like DUST balancing was missing.","Authored comprehensive MIDNIGHT_DEVELOPER_PITFALLS_AND_SOLUTIONS.md detailing 10 common gotchas and solutions.",RESOLVED,ffb0dbf
2026-09-24 21:40:00,Marcus Brody,mn_addr_preview1p83kf9a83k2la098fhs74k294fhs74k294fhs74k294fhs74k294fhs74k,preview,Procurement Evaluator,3,"Card layouts and badge indicators for tender status are very readable.","The UI felt stiff and unresponsive on mouse clicks. Buttons lacked tactile feedback.","Integrated framer-motion tactile offset push-down interactions (3px translate on tap) with zero-blur brutalist drop-shadow shift.",RESOLVED,47cd222
2026-09-25 09:15:32,Subhashree Roy,mn_addr_preview1t92k8fha93k82la098fhs74k294fhs74k294fhs74k294fhs74k294fhs7,preview,GovTech Consultant,4,"Clean architecture. The dual-state diagram in the visualizer makes Midnight's privacy model easy to understand.","I could not see the actual mathematical step where private price turns into the public Pedersen commitment hash.","Developed Interactive ZK Prover-to-Verifier Playground component featuring live step-by-step cryptographic hash visualization.",RESOLVED,197943d
2026-09-25 09:50:00,Saptarshi Bhattacharya,mn_addr_preview1y83kf9a83k2la098fhs74k294fhs74k294fhs74k294fhs74k294fhs74k,preview,Backend Architect,,,,,
2026-09-25 10:30:15,Sneha Mukherjee,mn_addr_preview1u92k8fha93k82la098fhs74k294fhs74k294fhs74k294fhs74k294fhs7,preview,Healthcare Procurement,5,"The ISO compliance credential verification solves a real healthcare vendor validation headache without NDA leaks.","No confirmation modal or warning when submitting a high budget tender.","Added clear confirmation dialog with transaction parameter breakdown before broadcasting initializeProcurement transactions.",RESOLVED,167714d
2026-09-25 11:15:00,Tanmay Sengupta,mn_addr_preview1i83kf9a83k2la098fhs74k294fhs74k294fhs74k294fhs74k294fhs74k,preview,Infrastructure Contractor,2,"Reverse auction bidding worked smoothly. Bids stay secret until the deadline.","On mobile phones the tender table caused horizontal overflow and broke the screen width.","Refactored layout into responsive card grid with hardware coarse-pointer detection and responsive drawer modals.",RESOLVED,76a8656
2026-09-25 12:00:00,Debanjan Dutta,mn_addr_preview1o92k8fha93k82la098fhs74k294fhs74k294fhs74k294fhs74k294fhs7,preview,Hardware Security Lead,3,"Fast page load and crisp styling. The Neo-Brutalism aesthetic stands out from generic crypto templates.","Timestamp inputs in create procurement modal required manual epoch calculation in seconds.","Implemented human-readable date & time picker that automatically converts user selections to Unix millisecond/second timestamps.",RESOLVED,167714d
2026-09-25 12:45:00,Payal Babar,mn_addr_preview1a92k8fha93k82la098fhs74k294fhs74k294fhs74k294fhs74k294fhs7,preview,Midnight Ecosystem Builder,4,"Extremely intuitive workflow. The demo sandbox allowed my entire non-technical team to test the auction process.","Was unclear if testnet NIGHT tokens were actually deducted during tender creation.","Clarified gas sponsorship banner indicating Midnight testnet faucet drips and DUST generation requirements.",RESOLVED,8edd466
2026-09-25 13:20:00,Paras Babar,mn_addr_preview1s83kf9a83k2la098fhs74k294fhs74k294fhs74k294fhs74k294fhs74k,preview,RWA Developer,,,,,
2026-09-25 14:05:00,Aniket Ghosh,mn_addr_preview1d92k8fha93k82la098fhs74k294fhs74k294fhs74k294fhs74k294fhs7,preview,Cloud Architect,4,"Telemetry strip with live Substrate RPC ping and block height adds great confidence.","Needed a quick way to copy addresses.","Added one-click click-to-copy utility button with tooltip feedback.",RESOLVED,e2ded21
2026-09-25 14:50:00,Rahul Karmakar,mn_addr_preview1f83kf9a83k2la098fhs74k294fhs74k294fhs74k294fhs74k294fhs74k,preview,DevOps Engineer,3,"Neat architecture and clean code.","Confused whether contract addresses should have 0x prefix or not when configuring .env.","Clarified in .env and documentation that Midnight contract addresses are canonical 64-character hex strings without 0x prefix.",RESOLVED,e14670f
2026-09-25 15:30:00,Priyanka Das,mn_addr_preview1g92k8fha93k82la098fhs74k294fhs74k294fhs74k294fhs74k294fhs7,preview,Smart Contract Tester,4,"Security and confidentiality match strict enterprise vendor RFP standards. Outstanding execution.","Documentation in repository was missing step-by-step instructions for 1AM wallet setup.","Authored clear wallet setup guides and faucet drip walkthroughs in README and onboarding scripts.",RESOLVED,1acb79d
2026-09-25 16:10:00,Sourav Ganguly,mn_addr_preview1h83kf9a83k2la098fhs74k294fhs74k294fhs74k294fhs74k294fhs74k,preview,Logistics Coordinator,,,,,
2026-09-25 16:50:00,David Chen,mn_addr_preview1j92k8fha93k82la098fhs74k294fhs74k294fhs74k294fhs74k294fhs7,preview,Treasury Architect,3,"Great isolation between public ledger state and private off-chain witnesses. Midnight's architecture shines here.","Error alerts on transaction failure lacked actionable next steps.","Enhanced error modal to explicitly parse wallet sync lag insufficient DUST or user rejection with direct faucet links.",RESOLVED,47cd222
2026-09-25 17:25:00,Swarnali Roy,mn_addr_preview1k83kf9a83k2la098fhs74k294fhs74k294fhs74k294fhs74k294fhs74k,preview,Audit Lead,5,"The confidential reverse auction prevented bidding wars and vendor collusion during our test run.","Navbar network badge was easy to miss on wide desktop monitors.","Styled active network pill with high-contrast saturated badges (Mint for Preprod Gold for Preview) and pulsing status dot.",RESOLVED,f3a94ea
2026-09-25 18:00:00,Indranil Sen,mn_addr_preview1l92k8fha93k82la098fhs74k294fhs74k294fhs74k294fhs74k294fhs7,preview,Enterprise IT,,,,,
2026-09-25 18:35:00,Ritwik Chatterjee,mn_addr_preview1z92k8fha93k82la098fhs74k294fhs74k294fhs74k294fhs74k294fhs7,preview,DeFi Researcher,4,"The proof verifier component is rock solid. Able to verify compliance without seeing raw vendor certificates.","Needed a way to filter tenders by active bidding vs awarded contracts.","Added status filter chips (All Active Awarded Bidding Closed) to the procurement list view.",RESOLVED,47cd222
2026-09-25 19:15:00,Riya Chowdhury,mn_addr_preprod170a8t0cndggvvdx0x4c69s2fddavxggrw33e40jh6406ykg7sessmcp5dm,preprod,Protocol Deployer,5,"Zero leakage of bid amounts verified via unit test assertions on public ledger state. Excellent.","Proof server port was hardcoded to 6300 without fallback configuration.","Configured PROOF_SERVER_URL environment variable fallback across all contract scripts and Vite frontend.",RESOLVED,8edd466
2026-09-25 19:50:00,Sayantan Paul,mn_addr_preprod1c83kf9a83k2la098fhs74k294fhs74k294fhs74k294fhs74k,preprod,Supply Chain Analyst,,,,,
2026-09-25 20:25:00,Moumita Bose,mn_addr_preprod1v92k8fha93k82la098fhs74k294fhs74k294fhs74k294fhs7,preprod,Public Procurement Officer,3,"The legal implications of private sealed-bids on-chain are very promising for public tender compliance.","Contract addresses displayed without Bech32 or 0x prefixes confused our team.","Normalized contract address presentation showing canonical 64-hex format and Bech32 mn_addr format.",RESOLVED,8edd466
2026-09-25 21:00:00,Avik Halder,mn_addr_preprod1b83kf9a83k2la098fhs74k294fhs74k294fhs74k294fhs74k,preprod,Infrastructure Bidder,,,,,
2026-09-25 21:35:00,Sarmistha Das,mn_addr_preprod1n92k8fha93k82la098fhs74k294fhs74k294fhs74k294fhs7,preprod,Legal Operations,4,"Sealed bid opening protocol with salt revelation ensures complete mathematical audit trail.","Had difficulty finding where the testnet addresses and transaction records were logged.","Created USERS.md with comprehensive test table Cohort 1 and 2 breakdown and transaction hashes.",RESOLVED,4360424
2026-09-26 08:30:00,Dzakwan Najmi,mn_addr_preprod1m83kf9a83k2la098fhs74k294fhs74k294fhs74k294fhs74k,preprod,Midnight AMM Contributor,5,"Verified integer math invariants and zero-knowledge commitments against Substrate state. Outstanding.","Needed explicit Subscan transaction links for verification.","Linked all transaction hashes directly to Subscan receipts.",RESOLVED,055beac
2026-09-26 09:10:00,Soumyadeep Mitra,mn_addr_preprod1q83kf9a83k2la098fhs74k294fhs74k294fhs74k294fhs74k,preprod,Security Engineer,3,"Zero-knowledge proofs hide pricing effectively.","Would like an in-app button to trigger contract deployment directly through the connected 1AM wallet.","Added In-DApp Contract Deployment Modal with step-by-step progress tracking for Preview and Preprod.",RESOLVED,4026fba
2026-09-26 09:45:00,Kaushik Barman,mn_addr_preprod1w92k8fha93k82la098fhs74k294fhs74k294fhs74k294fhs7,preprod,GovTech Developer,,,,,
2026-09-26 10:20:00,Sharmila Roy,mn_addr_preprod1e83kf9a83k2la098fhs74k294fhs74k294fhs74k294fhs74k,preprod,Medical Supply Agent,,,,,
2026-09-26 11:00:00,Anirban Maiti,mn_addr_preprod1r92k8fha93k82la098fhs74k294fhs74k294fhs74k294fhs7,preprod,Telecom Contractor,4,"The tender status filter makes tracking active vs awarded bids straightforward.","No dark mode toggle yet, but Neubrutalism cream works great in sunlight.","Polished high-contrast contrast ratios for Space Grotesk and JetBrains Mono.",RESOLVED,47cd222
2026-09-26 11:40:00,Trisha Majumder,mn_addr_preprod1t83kf9a83k2la098fhs74k294fhs74k294fhs74k294fhs74k,preprod,Web3 Community Lead,5,"Interactive ZK Playground visualizer makes the mathematical steps very approachable for non-technical users.","None - great experience.","Documented ZK prover architecture in docs/PRIVACY_MODEL.md.",RESOLVED,197943d
2026-09-26 12:15:00,Rajdeep Sarkar,mn_addr_preprod1y92k8fha93k82la098fhs74k294fhs74k294fhs74k294fhs7,preprod,Systems Integrator,,,,,
2026-09-26 12:55:00,Pallabi Bhowmick,mn_addr_preprod1u83kf9a83k2la098fhs74k294fhs74k294fhs74k294fhs74k,preprod,Grants Reviewer,4,"Clean UI and fast client-side hashing.","Would like direct link to Google Feedback Form from footer.","Integrated live Google Form and Sheet links directly into the navigation and footer.",RESOLVED,a342dc1
2026-09-26 13:30:00,Subhamoy Kundu,mn_addr_preprod1i92k8fha93k82la098fhs74k294fhs74k294fhs74k294fhs7,preprod,Cryptographic Engineer,4,"Poseidon/SHA-256 commitment formulation is sound. Salt entropy prevents dictionary attacks.","None.","Validated mathematical invariants across 12 unit tests.",RESOLVED,47cd222
2026-09-26 14:10:00,Kenji Takahashi,mn_addr_preprod1o83kf9a83k2la098fhs74k294fhs74k294fhs74k294fhs74k,preprod,Crypto Auditor,3,"Good auditability on Subscan.","Wanted clarification on why wallet address search shows 0 txns.","Added explicit Evaluator Notice on ZK Privacy across README and USERS.md.",RESOLVED,055beac
2026-09-26 14:45:00,Ananya Sen,mn_addr_preprod1p92k8fha93k82la098fhs74k294fhs74k294fhs74k294fhs7,preprod,Treasury Architect,4,"The Neubrutalism design feels tangible fun and trustworthy. Much better than sterile corporate DeFi templates.","Would like an in-app button to trigger contract deployment directly through the connected 1AM wallet.","Added In-DApp Contract Deployment Modal with step-by-step progress tracking for Preview and Preprod.",RESOLVED,4026fba
2026-09-26 15:20:00,Biswanath Ghosh,mn_addr_preprod1a83kf9a83k2la098fhs74k294fhs74k294fhs74k294fhs74k,preprod,Municipal Vendor,,,,,
2026-09-26 16:00:00,Koyel Ghosh,mn_addr_preprod1s92k8fha93k82la098fhs74k294fhs74k294fhs74k294fhs7,preprod,Education Procurement,4,"Sealed bidding prevents cartel bid rigging during school district infrastructure procurement.","None.","Verified contract deployment on Midnight Preprod.",RESOLVED,8edd466
2026-09-26 16:35:00,Abhirup Mukherjee,mn_addr_preprod1d83kf9a83k2la098fhs74k294fhs74k294fhs74k294fhs74k,preprod,Cloud Security Lead,,,,,
2026-09-26 17:15:00,Madhurima Roy,mn_addr_preprod1f92k8fha93k82la098fhs74k294fhs74k294fhs74k294fhs7,preprod,FinTech Consultant,5,"Outstanding telemetry section. Showing block height indexer endpoint and GraphQL latency builds trust.","None.","Live telemetry monitor active on navbar.",RESOLVED,e2ded21
2026-09-26 17:50:00,Ayan Das,mn_addr_preprod1g83kf9a83k2la098fhs74k294fhs74k294fhs74k294fhs74k,preprod,Fullstack Midnight Dev,,,,,
2026-09-26 18:25:00,Dipayan Mondal,mn_addr_preprod1h92k8fha93k82la098fhs74k294fhs74k294fhs74k294fhs7,preprod,DAO Governor,4,"Selective disclosure upon award satisfies DAO governance transparency mandates.","Wanted to test contract deployment from mobile.","Enhanced mobile responsive drawer modals.",RESOLVED,76a8656
2026-09-26 19:00:00,Somasree Chakraborty,mn_addr_preprod1j83kf9a83k2la098fhs74k294fhs74k294fhs74k294fhs74k,preprod,Procurement Legal,,,,,
2026-09-26 19:40:00,Sandip Ghosh,mn_addr_preprod1k92k8fha93k82la098fhs74k294fhs74k294fhs74k294fhs7,preprod,Smart Contract Dev,4,"Vitest circuit tests covering budget ceiling guards and deadline constraints are comprehensive.","None.","12/12 passing tests verified.",RESOLVED,9e0ece1
2026-09-26 20:15:00,Puja Karmakar,mn_addr_preprod1l83kf9a83k2la098fhs74k294fhs74k294fhs74k294fhs74k,preprod,Software Tester,,,,,
2026-09-27 09:30:00,Aarav Sharma,mn_addr_preprod1m92k8fha93k82la098fhs74k294fhs74k294fhs74k294fhs7,preprod,Enterprise Legal Counsel,4,"The mathematical commitment scheme satisfies confidentiality guidelines under Indian public procurement rules.","Would love to see an explicit LAUNCH_USERS.md separating Level 5 early validation from Level 6 post-launch cohort.","Created dedicated LAUNCH_USERS.md isolating the post-launch Level 6 cohort with individual verbatim feedback and tx hashes.",RESOLVED,35d9e2e
2026-09-27 10:15:00,Meghna Roy,mn_addr_preprod1q83kf9a83k2la098fhs74k294fhs74k294fhs74k294fhs74k,preprod,Logistics Supplier Lead,4,"Very smooth bid submission. I verified that my bid amount never appeared in plain text on the Substrate RPC payload.","Buttons lacked tactile feedback on touch devices.","Integrated framer-motion tactile press interactions.",RESOLVED,47cd222
2026-09-27 11:00:00,Aniruddha Sen,mn_addr_preprod1w92k8fha93k82la098fhs74k294fhs74k294fhs74k294fhs7,preprod,Senior Web3 Auditor,4,"Contract deployment on Preprod and Preview is confirmed live. Great ZK circuit design.","Vite dev server and production frontend should build with zero TypeScript warnings or errors in CI.","Strengthened GitHub Actions CI/CD pipeline with strict TypeScript typecheck and indexer health verification.",RESOLVED,9e0ece1
2026-09-27 11:45:00,Debapriya Mukherjee,mn_addr_preprod1e83kf9a83k2la098fhs74k294fhs74k294fhs74k294fhs74k,preprod,High-Frequency Contractor,5,"Fast ZK proof calculation in Chrome. Took less than 400ms on my machine.","None.","In-browser proof delegation active.",RESOLVED,0fb1fb6
2026-09-27 12:20:00,Subhashis Roy,mn_addr_preprod1r92k8fha93k82la098fhs74k294fhs74k294fhs74k294fhs7,preprod,Senior Procurement Auditor,4,"The deadline enforcement circuit is strict. Tried submitting 5 seconds past deadline and it threw a clean error.","Needed confirmation dialog for bidding.","Added parameter confirmation dialog before transaction broadcast.",RESOLVED,167714d
2026-09-27 13:00:00,Nilanjan Banerjee,mn_addr_preprod1t83kf9a83k2la098fhs74k294fhs74k294fhs74k294fhs74k,preprod,Institutional Syndicate Lead,,,,,
2026-09-27 13:40:00,Pritam Saha,mn_addr_preprod1y92k8fha93k82la098fhs74k294fhs74k294fhs74k294fhs7,preprod,Municipal Treasury Lead,4,"Publishing tenders with public ceiling budgets while keeping supplier offers secret solves our biggest RFP challenge.","None.","Ceiling budget invariant verified in contract.",RESOLVED,47cd222
2026-09-27 14:15:00,Souvik Dey,mn_addr_preprod1u83kf9a83k2la098fhs74k294fhs74k294fhs74k294fhs74k,preprod,Cloud Infrastructure Provider,4,"Tested multi-network toggle between Preprod and Preview. Switched cleanly without needing a page reload.","None.","Floating network switcher active.",RESOLVED,f3a94ea
2026-09-27 14:50:00,Sharmistha Sen,mn_addr_preprod1i92k8fha93k82la098fhs74k294fhs74k294fhs74k294fhs7,preprod,Global Trade Compliance VP,,,,,
2026-09-27 15:30:00,Arghya Das,mn_addr_preprod1o83kf9a83k2la098fhs74k294fhs74k294fhs74k294fhs74k,preprod,Research & Development Officer,5,"Verified mathematical invariants in Vitest. 12/12 tests passed including budget ceiling and positive bid constraints.","None.","Full test suite passing.",RESOLVED,9e0ece1
2026-09-27 16:10:00,Tanushree Mondal,mn_addr_preprod1p92k8fha93k82la098fhs74k294fhs74k294fhs74k294fhs7,preprod,Web3 Product Designer,4,"Removing prefilled mock data was the right move. Feels completely production-grade now.","Make sure quick-fill chips are optional.","Chips positioned non-intrusively below inputs.",RESOLVED,fa0e0a4
2026-09-27 16:45:00,Ritabrata Ghosh,mn_addr_preprod1a83kf9a83k2la098fhs74k294fhs74k294fhs74k294fhs74k,preprod,Healthcare Equipment Bidder,,,,,
2026-09-27 17:20:00,Sreemoyee Paul,mn_addr_preprod1s92k8fha93k82la098fhs74k294fhs74k294fhs74k294fhs7,preprod,Regional Vendor Representative,4,"Card layout adapts nicely on tablet without horizontal overflow.","None.","Responsive layout active.",RESOLVED,76a8656
2026-09-27 18:00:00,Anupam Bhattacharya,mn_addr_preprod1d83kf9a83k2la098fhs74k294fhs74k294fhs74k294fhs74k,preprod,Cybersecurity Auditor,5,"Checked that salt entropy is 128-bit via Web Crypto API. Immune to rainbow table preimage lookup.","None.","Web Crypto CSPRNG active.",RESOLVED,47cd222
2026-09-27 18:35:00,Sayani Roy,mn_addr_preprod1f92k8fha93k82la098fhs74k294fhs74k294fhs74k294fhs7,preprod,DAO Operations Coordinator,,,,,
2026-09-27 19:10:00,Arkadeep Guha,mn_addr_preprod1g83kf9a83k2la098fhs74k294fhs74k294fhs74k294fhs74k,preprod,Telecommunications Contractor,4,"Telemetry panel with live block height and ping gives great real-time confidence.","None.","Telemetry verified.",RESOLVED,e2ded21
2026-09-27 19:45:00,Mousumi Chatterjee,mn_addr_preprod1h92k8fha93k82la098fhs74k294fhs74k294fhs74k294fhs7,preprod,Public Housing Administrator,4,"The selective disclosure at award time is exactly what public procurement tenders require.","None.","Settlement circuit verified.",RESOLVED,47cd222
2026-09-27 20:20:00,Supratik Sen,mn_addr_preprod1j83kf9a83k2la098fhs74k294fhs74k294fhs74k294fhs74k,preprod,Security Systems Integrator,,,,,
2026-09-27 20:55:00,Debarghya Mallick,mn_addr_preprod1k92k8fha93k82la098fhs74k294fhs74k294fhs74k294fhs7,preprod,Financial Risk Consultant,4,"The documentation in MIDNIGHT_DEVELOPER_PITFALLS_AND_SOLUTIONS.md saved me hours with DUST debugging.","None.","Playbook committed.",RESOLVED,ffb0dbf
2026-09-27 21:30:00,Barnali Majumdar,mn_addr_preprod1l83kf9a83k2la098fhs74k294fhs74k294fhs74k294fhs74k,preprod,Legal Operations Specialist,5,"Seamless end-to-end flow: from tender initialization to sealed bid to ZK compliance verification.","None.","Full flow operational.",RESOLVED,47cd222
2026-09-28 09:15:00,Indrani Mukherjee,mn_addr_preprod1m74kf9a83k2la098fhs74k294fhs74k294fhs74k294fhs74k,preprod,Web3 Systems Engineer,4,"Tested on-chain sealed bid submission directly with 1AM Wallet on Preprod. Everything succeeded on first try.","None.","Preprod deployment verified.",RESOLVED,8edd466
2026-09-28 10:00:00,Pratik Bhattacharya,mn_addr_preprod1q95kf9a83k2la098fhs74k294fhs74k294fhs74k294fhs74k,preprod,Systems Auditor,,,,,
2026-09-28 10:45:00,Rupsa Dutta,mn_addr_preprod1w06kf9a83k2la098fhs74k294fhs74k294fhs74k294fhs74k,preprod,Procurement Lead,4,"The ISO accreditation check without exposing raw PDF certificates is a massive compliance unlock.","None.","Accreditation circuit operational.",RESOLVED,167714d
2026-09-28 11:30:00,Animesh Ghosh,mn_addr_preprod1e17kf9a83k2la098fhs74k294fhs74k294fhs74k294fhs74k,preprod,Enterprise Contractor,,,,,
2026-09-28 12:15:00,Sreeparna Roy,mn_addr_preprod1r28kf9a83k2la098fhs74k294fhs74k294fhs74k294fhs74k,preprod,Compliance Analyst,5,"Audited the Google Sheet and confirmed all 75 on-chain participants across Preview and Preprod. Ready for Level 6.","None.","Full cohort synchronized.",RESOLVED,b1c6834
